Top queries,Clicks,Impressions,CTR,Position
androprime,6,187,3.21%,3.22
andro prime,2,78,2.56%,4.63
andro-prime.com,0,125,0%,16.05
androerectest,0,25,0%,86.16
signs of andropause,0,17,0%,91.59
andropause symptoms,0,16,0%,83.75
when does andropause occur,0,16,0%,93.94
fbc blood test meaning,0,13,0%,69.62
fbc blood test,0,13,0%,73.54
inflammatory markers,0,12,0%,92.5
fbc test,0,11,0%,72.73
what are inflammatory markers,0,11,0%,88.55
andropause in men,0,10,0%,93.3
brain fog men,0,8,0%,76.75
inflammation markers,0,8,0%,92.75
what is fbc,0,7,0%,78.86
check liver function blood,0,7,0%,85.71
inflammatory markers blood test,0,6,0%,78.33
ferritin blood test,0,6,0%,96
fbc meaning,0,5,0%,62.8
fbc blood,0,5,0%,80.6
what is fbc blood test,0,5,0%,90.2
andropause,0,5,0%,97
how to read a blood test,0,4,0%,54.25
blood test fbc,0,4,0%,73.75
how to read blood test results,0,4,0%,74.5
blood test fbc meaning,0,4,0%,87
what does fbc mean on a blood test,0,4,0%,90
what does fbc mean in a blood test,0,4,0%,91
inflammatory markers test,0,4,0%,93.75
inflammation testing,0,4,0%,94.75
how to read your blood test results,0,3,0%,43.67
andro test,0,3,0%,49.67
how to read the blood test report,0,3,0%,65.33
what does fbc stand for,0,3,0%,72.33
how do you read blood test results,0,3,0%,87.67
what does fbc check for,0,3,0%,90
andropause male menopause,0,3,0%,94.33
normal blood test results,0,3,0%,94.33
andro prime srl,0,2,0%,33
crp normal range nhs,0,2,0%,50.5
fbc full form,0,2,0%,57
fbc medicine,0,2,0%,61.5
inflammatory markers nhs,0,2,0%,62.5
fbc medical abbreviation,0,2,0%,73
blood test fbc fasting,0,2,0%,76.5
what does a fbc blood test show,0,2,0%,78.5
fbc test meaning,0,2,0%,79.5
what are inflammatory markers in blood tests,0,2,0%,82
brain fog in men,0,2,0%,83
what is tested in a full blood count,0,2,0%,83
high liver functions in a blood test,0,2,0%,84.5
fbc,0,2,0%,85
blood test for inflammatory markers,0,2,0%,86.5
blood results liver function test,0,2,0%,87
inflammatory marker blood test,0,2,0%,87.5
b12 active test,0,2,0%,90
how to read your blood work results,0,2,0%,95
early andropause,0,2,0%,96
andropause age,0,2,0%,96.5
blood work ferritin,0,2,0%,97
how to read lab results for blood work,0,2,0%,97
inflammatory marker,0,2,0%,97.5
age of andropause,0,2,0%,99.5
how to understand my blood test,0,2,0%,99.5
how to understand blood test results,0,2,0%,100
andro score x,0,1,0%,10
androx prime,0,1,0%,12
andro lab,0,1,0%,30
prime androguard,0,1,0%,31
androide com,0,1,0%,35
how to read results of blood test,0,1,0%,35
andro labs,0,1,0%,47
crp blood test nhs,0,1,0%,48
fbc crp,0,1,0%,52
fbc iron,0,1,0%,52
crp blood test leeds,0,1,0%,53
how to read fbc results,0,1,0%,53
crp normal range uk,0,1,0%,55
crb blood,0,1,0%,56
crp test definition,0,1,0%,56
androlab pricing,0,1,0%,57
crp 68,0,1,0%,57
fbc count,0,1,0%,57
nhs male menopause,0,1,0%,57
crp levels nhs,0,1,0%,58
freehand tests fbc,0,1,0%,58
what does crp mean on blood test,0,1,0%,58
crp blood test meaning,0,1,0%,63
what does fbc show,0,1,0%,63
androgen lab test,0,1,0%,64
blood test fbe,0,1,0%,64
fbc blood test results explained,0,1,0%,64
haematology fbc,0,1,0%,64
fbc testing,0,1,0%,65
medichecks,0,1,0%,65
markers of inflammation in blood testing,0,1,0%,66
what are inflammatory markers in a blood test,0,1,0%,66
what does fbc mean,0,1,0%,66
what is blood test fbe,0,1,0%,66
crp blood test,0,1,0%,67
fbc blood test bottle colour,0,1,0%,67
fbc in medical terms,0,1,0%,67
what does fbc mean in medical terms,0,1,0%,67
blood tests fbe,0,1,0%,69
crb test,0,1,0%,69
fbp test,0,1,0%,69
what is fbc blood test used for,0,1,0%,69
blood test codes fbc,0,1,0%,70
blood test for fbe,0,1,0%,70
fbc blood test hb,0,1,0%,71
pathology fbc,0,1,0%,71
raised inflammatory markers nhs,0,1,0%,71
what does fbc include,0,1,0%,71
fbc abbreviation,0,1,0%,72
fbc medical term,0,1,0%,72
haematology fbc meaning,0,1,0%,72
inflammatory markers blood test nhs,0,1,0%,72
inflammatory markers ferritin,0,1,0%,72
inflammatory profile,0,1,0%,72
what is a fbc blood test done for,0,1,0%,72
crp test,0,1,0%,73
fbc explained,0,1,0%,73
liver function values normal,0,1,0%,73
andropausia symptoms,0,1,0%,74
crp test normal range,0,1,0%,74
normal liver count levels,0,1,0%,74
what is a fbc test,0,1,0%,74
crp score meaning,0,1,0%,75
f b c blood test,0,1,0%,75
full blood count normal range,0,1,0%,77
what does fbe mean on a blood test,0,1,0%,77
androgen profile test,0,1,0%,78
andropause test,0,1,0%,78
at home testosterone test uk,0,1,0%,78
how to read blood,0,1,0%,78
inflamation blood test,0,1,0%,78
vitamin d male,0,1,0%,78
what are the symptoms of andropause,0,1,0%,78
blood test fbe fasting,0,1,0%,79
inflammatory factors blood test,0,1,0%,79
inflammatory markers bloods,0,1,0%,79
normal blood test results uk,0,1,0%,79
what are infection markers in blood,0,1,0%,79
what are inflammatory markers in the blood,0,1,0%,79
full blood count fbc,0,1,0%,80
haematology fbc test,0,1,0%,80
how to read blood test results nhs,0,1,0%,80
inflammatory markers raised in blood test,0,1,0%,80
raised inflammatory markers in blood test,0,1,0%,81
reading blood tests,0,1,0%,81
symptoms of andropause,0,1,0%,81
testosterone home test uk,0,1,0%,81
full blood picture results,0,1,0%,82
inflammatory markers in blood tests,0,1,0%,82
male andropause symptoms,0,1,0%,82
home testosterone test uk,0,1,0%,83
male menopause symptoms uk,0,1,0%,83
what are inflammation markers in a blood test,0,1,0%,83
andropause forum,0,1,0%,84
blood test results how to read,0,1,0%,84
blood test results reading,0,1,0%,84
inflammatory markers blood,0,1,0%,84
what are signs of male menopause,0,1,0%,84
what does inflammatory markers mean,0,1,0%,84
blood results normal ranges uk,0,1,0%,85
blood test results explained nhs,0,1,0%,85
nhs blood test results explained,0,1,0%,85
vitamin d deficiency symptoms in men,0,1,0%,85
anti inflammatory markers blood test,0,1,0%,86
inflammatory markers meaning,0,1,0%,86
normal blood results uk,0,1,0%,86
what are inflammatory markers in blood,0,1,0%,86
what do inflammatory markers show,0,1,0%,86
andropause symptoms and treatment,0,1,0%,87
how do i read my blood test,0,1,0%,87
how do you read a blood test,0,1,0%,87
how to read blood report,0,1,0%,87
inflammatory blood,0,1,0%,87
symptoms of andropause male menopause,0,1,0%,87
what does inflammation markers mean,0,1,0%,87
andropause male,0,1,0%,88
blood test raised inflammatory markers,0,1,0%,88
blood test result ranges,0,1,0%,88
blood tests for inflammation markers,0,1,0%,88
elevated inflammatory markers in blood test,0,1,0%,88
how to read blood tests,0,1,0%,88
how to read blood work,0,1,0%,88
inflammation markers in a blood test,0,1,0%,88
inflammatory markers blood tests,0,1,0%,88
inflammatory panel blood test,0,1,0%,88
lab tests for inflammation,0,1,0%,88
normal range for blood test results,0,1,0%,88
understanding blood results uk,0,1,0%,88
what are inflammatory markers in blood test,0,1,0%,88
andropause symptoms hot flashes,0,1,0%,89
blood test result reading,0,1,0%,89
fbc interpretation,0,1,0%,89
full blood count,0,1,0%,89
how to read your blood test,0,1,0%,89
inflammatory blood test markers,0,1,0%,89
lab test for inflammation,0,1,0%,89
low vitamin d symptoms male,0,1,0%,89
what blood test showed liver function,0,1,0%,89
anti inflammatory markers,0,1,0%,90
blood tests for inflammation,0,1,0%,90
how can i read my blood test results,0,1,0%,90
how to read blood test results uk,0,1,0%,90
inflammation markers in blood test,0,1,0%,90
inflammation markers in blood tests,0,1,0%,90
normal ranges for blood test results,0,1,0%,90
what does raised inflammatory markers mean,0,1,0%,90
blood test normal results,0,1,0%,91
how to read blood test report,0,1,0%,91
reading your blood test results,0,1,0%,91
blood lab values,0,1,0%,92
blood result ranges,0,1,0%,92
blood test chart results,0,1,0%,92
how do i read my blood test results,0,1,0%,92
how to read blood tests results,0,1,0%,92
inflammation in blood results,0,1,0%,92
normal results for blood test,0,1,0%,92
signs of low vitamin d in men,0,1,0%,92
blood test values,0,1,0%,93
how do i read blood test results,0,1,0%,93
how to read a blood test result,0,1,0%,93
how to read blood test,0,1,0%,93
male andropause,0,1,0%,93
what does fbc blood test mean,0,1,0%,93
what is inflammation markers,0,1,0%,93
andropause & male aging,0,1,0%,94
andropose,0,1,0%,94
blood test readings,0,1,0%,94
c reactive test,0,1,0%,94
how to read a blood test results,0,1,0%,94
how to read blood results,0,1,0%,94
how to read blood test result,0,1,0%,94
how to read my blood work results,0,1,0%,94
inflammatory blood test,0,1,0%,94
inflammatory markers in blood work,0,1,0%,94
inflammatory response blood test,0,1,0%,94
read my blood test results,0,1,0%,94
understanding blood test results uk,0,1,0%,94
how read blood test results,0,1,0%,95
normal blood test result,0,1,0%,95
raised inflammatory markers,0,1,0%,95
read blood test,0,1,0%,95
reading blood work results,0,1,0%,95
test for inflammation,0,1,0%,95
what do fbc blood tests show,0,1,0%,95
what is a ferritin blood test,0,1,0%,95
blood test results example,0,1,0%,96
elevated inflammatory markers,0,1,0%,96
fbc results,0,1,0%,96
interpret my blood test results,0,1,0%,96
interpreting blood tests results,0,1,0%,96
male menopause treatment,0,1,0%,96
reading my blood test results,0,1,0%,96
what fbc in blood test,0,1,0%,96
blood test inflammation markers,0,1,0%,97
blood test results normal range,0,1,0%,97
blood tests fbc meaning,0,1,0%,97
crbs test,0,1,0%,97
how to read blood lab results,0,1,0%,97
what do my blood results mean,0,1,0%,97
what does fbc stand for in a blood test,0,1,0%,97
blood test meaning fbc,0,1,0%,98
blood test understanding results,0,1,0%,98
how long does the male menopause last,0,1,0%,98
how to understand blood test results uk,0,1,0%,98
uk testosterone test,0,1,0%,98
what are fbc blood tests,0,1,0%,98
what are normal ranges for blood test results,0,1,0%,98
what do blood test numbers mean,0,1,0%,98
age for andropause,0,1,0%,99
blood results explained,0,1,0%,99
blood test meanings fbc,0,1,0%,99
blood test parameters meaning,0,1,0%,99
blood test results explained,0,1,0%,99
blood work inflammation markers,0,1,0%,99
normal blood readings,0,1,0%,99
read blood test results,0,1,0%,99
what does fbc blood test show,0,1,0%,99
what is f b c,0,1,0%,99
blood readings,0,1,0%,100
blood test average results,0,1,0%,100
blood testing results explained,0,1,0%,100
blood work inflammation,0,1,0%,100
normal blood test,0,1,0%,100
test ranges,0,1,0%,100
understand blood test results,0,1,0%,100
what does high inflammatory markers mean,0,1,0%,100
