date,kind,prompt,engine,cited,mentioned,our_urls,top_sources,cost,note
2026-08-15,commercial,best at-home blood test for men UK,aio,false,false,,www.medichecks.com www.forthwithlife.co.uk londonhealthcompany.co.uk www.numan.com,0.004,
2026-08-15,commercial,best private blood test UK,aio,false,false,,privatebloodtests.co.uk www.nuffieldhealth.com www.yorkshireprivatehealth.co.uk www.clinilabs.co.uk www.kentfamilymedical.co.uk www.privatebloodtestslondon.co.uk www.medicalexpressclinic.co.uk,0.004,
2026-08-15,commercial,best testosterone test UK,aio,false,false,,www.medichecks.com onlinedoctor.lloydspharmacy.com www.optimale.co.uk healthclinics.superdrug.com londonhealthcompany.co.uk randoxhealth.com www.boots.com www.letsgetchecked.co.uk,0.002,
2026-08-15,commercial,cheapest private blood test UK,aio,false,false,,google.com,0.004,
2026-08-15,commercial,best finger prick blood test UK,aio,false,false,,www.shl.uk www.medichecks.com halohealth.co.uk diabetesmyway.nhs.uk www.sh.uk,0.004,
2026-08-15,commercial,best home blood test kit UK 2026,aio,false,false,,www.which.co.uk www.forthwithlife.co.uk www.medichecks.com bluehorizonbloodtests.co.uk randoxhealth.com londonhealthcompany.co.uk click2pharmacy.co.uk helvy.co.uk,0.004,
2026-08-15,informational,crp blood test,aio,false,false,,www.easytests.co.uk www.londongpclinic.co.uk theforburyclinic.co.uk www.ncbi.nlm.nih.gov medipolglobal.com pharmacyexprezz.org.uk www.youtube.com,0.002,
2026-08-15,informational,inflammatory markers blood test,aio,false,false,,arcwestarchive.org.uk www.nhsinform.scot www.privatebloodtestslondon.co.uk theforburyclinic.co.uk www.levels.com www.youtube.com,0.002,
2026-08-15,informational,low vitamin d symptoms,aio,false,false,,my.clevelandclinic.org www.nhs.uk www.boots.com www.yalemedicine.org coreprescribingsolutions.co.uk patient.info www.healthdirect.gov.au emedicine.medscape.com,0.002,
2026-08-15,informational,14 signs of vitamin d deficiency,aio,false,false,,www.health.com coreprescribingsolutions.co.uk www.bioresetmedical.com drruscio.com www.endocrinecenter.com www.yalemedicine.org yellomedi.com patient.info,0.002,
2026-08-15,informational,why am i always tired,aio,false,false,,www.bhf.org.uk hadwenhealth.co.uk www.healthklinix.co.uk www.healthline.com www.youtube.com,0.002,
2026-08-15,informational,brain fog causes,aio,false,false,,my.clevelandclinic.org www.uclh.nhs.uk www.americanbrainfoundation.org www.urmc.rochester.edu www.youtube.com www.maxhealthcare.in,0.002,
2026-08-15,informational,how to increase testosterone naturally,aio,false,false,,www.healthline.com healthcare.utah.edu thocc.org www.webmd.com apollodiagnostics.in ne-urology.com www.medichecks.com,0.002,
2026-08-15,informational,normal testosterone levels by age,aio,false,false,,www.medichecks.com my.clevelandclinic.org honehealth.com www.thevesey.co.uk www.centreformenshealth.co.uk stjosephshealth.org www.hims.com,0.002,
2026-08-15,informational,free androgen index,aio,false,false,,www.forthwithlife.co.uk www.amilis.co.uk gpnotebook.com www.ruh.nhs.uk www.nbt.nhs.uk lolahealth.com healthlibrary.brighamandwomens.org www.gloshospitals.nhs.uk,0.002,
2026-08-15,informational,andropause,aio,false,false,,www.nhs.uk www.mayoclinic.org pmc.ncbi.nlm.nih.gov www.anadolumedicalcenter.com www.centreformenshealth.co.uk www.medichecks.com themenopauseclinic.com www.youtube.com,0.002,
2026-08-15,informational,ferritin blood test,aio,false,false,,medlineplus.gov www.boots.com labtestsonline.org.uk londonhealthcompany.co.uk www.nomadtravel.co.uk onedaytests.com www.youtube.com,0.004,
2026-08-15,informational,b12 blood test,aio,false,false,,www.nhs.uk labtestsonline.org.uk www.testing.com randoxhealth.com pmc.ncbi.nlm.nih.gov,0.002,
2026-08-15,informational,fbc blood test,aio,false,false,,www.healthdirect.gov.au healthclinics.superdrug.com www.medichecks.com www.healthscreeningclinic.co.uk www.betterhealth.vic.gov.au www.mums.me.uk patient.info walkin-clinic.co.uk,0.002,
2026-08-15,informational,liver function blood test,aio,false,false,,liveruk.org sps.nhs.uk labtestsonline.org.uk medlineplus.gov www.healthdirect.gov.au www.youtube.com goodbodyclinic.com,0.002,
2026-08-15,informational,cholesterol test,aio,false,false,,www.nhs.uk www.mayoclinic.org www.heartuk.org.uk www.bhf.org.uk labtestsonline.org.uk www.facebook.com www.healthline.com www.youtube.com,0.002,
2026-08-15,informational,thyroid test,aio,false,false,,www.niddk.nih.gov www.nhs.uk www.btf-thyroid.org onlinedoctor.boots.com monitormyhealth.org.uk www.healthdirect.gov.au my.clevelandclinic.org medlineplus.gov,0.002,
2026-08-15,informational,how to read blood test results,aio,false,false,,theforburyclinic.co.uk ada.com my.clevelandclinic.org riteaid.com www.privatebloodtestslondon.co.uk www.oakstreethealth.com bluepointmedgroup.com liveruk.org,0.002,
2026-08-15,informational,signs of stress in men,aio,false,false,,www.nhs.uk www.verywellmind.com www.healthline.com www.bacp.co.uk www.charliehealth.com www.texashealth.org www.mayoclinic.org www.brothersinarmsscotland.co.uk,0.002,
2026-08-15,commercial,best at-home blood test for men UK,perplexity,false,false,,medichecks.com welzo.com menshealth.com masta.com painkillers.uk vitall.co.uk selph.co.uk numan.com,0.013365,
2026-08-15,commercial,best at-home blood test for men UK,chat_gpt,false,false,,treatcompare.com allhealthstore.com,0.034525,
2026-08-15,commercial,best private blood test UK,perplexity,false,false,,truevitals.co.uk bloodtestguide.co.uk medichecks.com bloodtests.head-to-head.uk treatcompare.com helvy.co.uk offshift.co.uk privatebloodtests.co.uk,0.012396,
2026-08-15,commercial,best private blood test UK,chat_gpt,false,false,,,0.027394,
2026-08-15,commercial,best testosterone test UK,perplexity,false,false,,medichecks.com healthclinics.superdrug.com optimale.co.uk selph.co.uk forthwithlife.co.uk reddit.com screenings.medimob.co.uk onedaytests.com,0.011613,
2026-08-15,commercial,best testosterone test UK,chat_gpt,false,false,,bloodtestguide.co.uk treatcompare.com healthline.com pure.manchester.ac.uk,0.023183,
2026-08-15,commercial,cheapest private blood test UK,perplexity,false,false,,lolahealth.com offshift.co.uk privatecarecompare.com treatcompare.com medichecks.com medicalexpressclinic.co.uk helvy.co.uk thenationalbloodtestclinic.co.uk,0.011256,
2026-08-15,commercial,cheapest private blood test UK,chat_gpt,false,false,,offshift.co.uk bloodtestguide.co.uk medical-diagnosis.co.uk,0.031149,
2026-08-15,commercial,best finger prick blood test UK,perplexity,false,false,,medichecks.com truevitals.co.uk treatcompare.com lolahealth.com painkillers.uk diabetes.org.uk thebeautybistro.co.uk sh.uk,0.012819,
2026-08-15,commercial,best finger prick blood test UK,chat_gpt,false,false,,treatcompare.com bloodtestguide.co.uk truevitals.co.uk,0.031822,
2026-08-15,commercial,best home blood test kit UK 2026,perplexity,false,false,,treatcompare.com lolahealth.com clearpiq.com welzo.com helvy.co.uk numan.com medichecks.com offshift.co.uk,0.012933,
2026-08-15,commercial,best home blood test kit UK 2026,chat_gpt,false,false,,treatcompare.com reddit.com allhealthstore.com truevitals.co.uk,0.02328,
2026-08-15,informational,crp blood test,perplexity,false,false,,my.clevelandclinic.org medlineplus.gov mayoclinic.org webmd.com testing.com healthline.com ummhealth.org peacehealth.org,0.011343,
2026-08-15,informational,crp blood test,chat_gpt,false,false,,,0.005826,
2026-08-15,informational,inflammatory markers blood test,perplexity,false,false,,arcwestarchive.org.uk blood-analysis.com solvhealth.com smarterblood.org patient.info care.health aimamed.ai arupconsult.com,0.012123,
2026-08-15,informational,inflammatory markers blood test,chat_gpt,false,false,,,0.00863,
2026-08-15,informational,low vitamin d symptoms,perplexity,false,false,,my.clevelandclinic.org healthline.com aafp.org yalemedicine.org webmd.com medicalnewstoday.com nebraskamed.com unitypoint.org,0.011043,
2026-08-15,informational,low vitamin d symptoms,chat_gpt,false,false,,communityhealth.mayoclinic.org mayoclinic.org,0.0202052,
2026-08-15,informational,14 signs of vitamin d deficiency,perplexity,false,false,,health.com medicinenet.com bioresetmedical.com drruscio.com grassrootshealth.net my.clevelandclinic.org economictimes.indiatimes.com webmd.com,0.010032,
2026-08-15,informational,14 signs of vitamin d deficiency,chat_gpt,false,false,,en.wikipedia.org mayoclinic.org,0.032186,
2026-08-15,informational,why am i always tired,perplexity,false,false,,healthline.com pennstatehealthnews.org mydoctor.kaiserpermanente.org my.clevelandclinic.org nhs.uk health.clevelandclinic.org henryford.com webmd.com,0.012066,
2026-08-15,informational,why am i always tired,chat_gpt,false,false,,,0.00621,
2026-08-15,informational,brain fog causes,perplexity,false,false,,my.clevelandclinic.org healthline.com dmc.org urmc.rochester.edu healthdirect.gov.au webmd.com bannerhealth.com prevention.com,0.013125,
2026-08-15,informational,brain fog causes,chat_gpt,false,false,,sncs-prod-external.mayo.edu newsnetwork.mayoclinic.org my.clevelandclinic.org healthline.com communityhealth.mayoclinic.org mayoclinic.org reddit.com,0.022209,
2026-08-15,informational,how to increase testosterone naturally,perplexity,false,false,,healthline.com hartfordhospital.org riteaid.com webmd.com businessinsider.com wikihow.com healthcare.utah.edu health.harvard.edu,0.013746,
2026-08-15,informational,how to increase testosterone naturally,chat_gpt,false,false,,,0.007838,
2026-08-15,informational,normal testosterone levels by age,perplexity,false,false,,my.clevelandclinic.org highlandlongevity.com testosteroneclinicnyc.com everlywell.com medichecks.com healthline.com baptisthealth.com hims.com,0.012681,
2026-08-15,informational,normal testosterone levels by age,chat_gpt,false,false,,prd1.mayocliniclabs.com,0.021988,
2026-08-15,informational,free androgen index,perplexity,false,false,,en.wikipedia.org sciencedirect.com labcorp.com ummhealth.org dpcweb.com ruh.nhs.uk gloshospitals.nhs.uk rcpa.edu.au,0.010698,
2026-08-15,informational,free androgen index,chat_gpt,false,false,,,0.006309,
2026-08-15,informational,andropause,perplexity,false,false,,pmc.ncbi.nlm.nih.gov livi.fr chp.gov.hk sciencedirect.com bodylogicmd.com elsan.care health.stonybrookmedicine.edu heart.org,0.010665,
2026-08-15,informational,andropause,chat_gpt,false,false,,mcpress.mayoclinic.org en.wikipedia.org newsnetwork.mayoclinic.org academic.oup.com mayoclinic.org heart.org mayoclinichealthsystem.org,0.022698,
2026-08-15,informational,ferritin blood test,perplexity,false,false,,medlineplus.gov my.clevelandclinic.org mayoclinic.org healthline.com quality.healthfinder.fl.gov kidshealth.org ondemand.labcorp.com ultalabtests.com,0.012003,
2026-08-15,informational,ferritin blood test,chat_gpt,false,false,,mayoclinic.org mayocliniclabs.com,0.022972,
2026-08-15,informational,b12 blood test,perplexity,false,false,,pmc.ncbi.nlm.nih.gov webmd.com ultalabtests.com medlineplus.gov healthline.com walkinlab.com healthdirect.gov.au ondemand.labcorp.com,0.010908,
2026-08-15,informational,b12 blood test,chat_gpt,false,false,,,0.006389,
2026-08-15,informational,fbc blood test,perplexity,false,false,,labtestsonline.org.uk betterhealth.vic.gov.au gloshospitals.nhs.uk patient.info healthdirect.gov.au healthclinics.superdrug.com medichecks.com en.wikipedia.org,0.010023,
2026-08-15,informational,fbc blood test,chat_gpt,false,false,,,0.0065169,
2026-08-15,informational,liver function blood test,perplexity,false,false,,mayoclinic.org my.clevelandclinic.org ncbi.nlm.nih.gov hopkinsmedicine.org en.wikipedia.org healthline.com walkinlab.com healthdirect.gov.au,0.011673,
2026-08-15,informational,liver function blood test,chat_gpt,false,false,,,0.00819,
2026-08-15,informational,cholesterol test,perplexity,false,false,,nhs.uk mayoclinic.org medicalnewstoday.com cdc.gov heartuk.org.uk heart.org healthline.com webmd.com,0.011217,
2026-08-15,informational,cholesterol test,chat_gpt,false,false,,cdc.gov mayocliniclabs.com mayoclinic.org en.wikipedia.org,0.022948,
2026-08-15,informational,thyroid test,perplexity,false,false,,my.clevelandclinic.org niddk.nih.gov pennmedicine.org thyroid.org medlineplus.gov btf-thyroid.org ncbi.nlm.nih.gov healthlabs.com,0.010707,
2026-08-15,informational,thyroid test,chat_gpt,false,false,,,0.008113,
2026-08-15,informational,how to read blood test results,perplexity,false,false,,smarterblood.org wikihow.com healthopenpage.com themetabolicjournal.com riteaid.com goodrx.com getpatiently.ai acensahealth.com,0.011919,
2026-08-15,informational,how to read blood test results,chat_gpt,false,false,,,0.008389,
2026-08-15,informational,signs of stress in men,perplexity,false,false,,texashealth.org mensmindsmatter.org healthline.com verywellmind.com bacp.co.uk medanta.org charliehealth.com melissabennettheinz.com,0.010356,
2026-08-15,informational,signs of stress in men,chat_gpt,false,false,,,0.005146,
